{
  "envelopdata": {
    "xvalue": [
      0.04,
      0.08,
      0.12,
      0.16,
      0.2,
      0.24,
      0.28,
      0.32,
      0.36,
      0.4,
      0.44,
      0.48,
      0.52,
      0.56,
      0.6,
      0.64,
      0.68,
      0.72,
      0.76,
      0.8,
      0.84,
      0.88,
      0.92,
      0.96,
      1,
      1.04,
      1.08,
      1.12,
      1.16,
      1.2,
      1.24,
      1.28,
      1.32,
      1.36,
      1.4,
      1.44,
      1.48,
      1.52,
      1.56,
      1.6,
      1.64,
      1.68,
      1.72,
      1.76,
      1.8,
      1.84,
      1.88,
      1.92,
      1.96,
      2,
      2.04,
      2.08,
      2.12,
      2.16,
      2.2,
      2.24,
      2.28,
      2.32,
      2.36,
      2.4,
      2.44,
      2.48,
      2.52,
      2.56,
      2.6,
      2.64,
      2.68,
      2.72,
      2.76,
      2.8,
      2.84,
      2.88,
      2.92,
      2.96,
      3,
      3.04,
      3.08,
      3.12,
      3.16,
      3.2,
      3.24,
      3.28,
      3.32,
      3.36,
      3.4,
      3.44,
      3.48,
      3.52,
      3.56,
      3.6,
      3.64,
      3.68,
      3.72,
      3.76,
      3.8,
      3.84,
      3.88,
      3.92,
      3.96,
      4
    ],
    "yvalue": [
      -0.0281051,
      -0.02763741,
      -0.02423849,
      0.00243281,
      0.01383931,
      -0.02562775,
      -0.03136034,
      -0.03183645,
      -0.03248384,
      -0.03293097,
      -0.03341696,
      -0.03352606,
      -0.03312432,
      -0.03528027,
      -0.03325145,
      -0.033872,
      -0.03464962,
      -0.03524273,
      -0.03539644,
      -0.0373984,
      -0.03450593,
      -0.02039946,
      -0.0267792,
      -0.02687908,
      -0.01511077,
      -0.02344851,
      -0.0249526,
      -0.03327523,
      -0.03557037,
      -0.03758266,
      -0.03616747,
      -0.03781995,
      -0.03589887,
      -0.03342985,
      -0.0344672,
      -0.03127129,
      -0.02935199,
      0.0380292,
      0.80828586,
      1,
      0.68105152,
      0.05945406,
      -0.02409148,
      -0.02755839,
      -0.02161076,
      -0.03336833,
      -0.03804665,
      -0.02680803,
      -0.02973981,
      -0.04171702,
      -0.04258798,
      -0.03571157,
      -0.03644618,
      -0.03822164,
      -0.03409987,
      0.00123264,
      0.32152554,
      0.45600724,
      0.29078604,
      -0.00340649,
      -0.01031832,
      -0.02328318,
      -0.0357804,
      -0.03985412,
      -0.03763219,
      -0.03837579,
      -0.03467432,
      -0.03339064,
      -0.03990329,
      -0.03594473,
      -0.04179323,
      -0.03880326,
      -0.03514054,
      -0.04039321,
      -0.0148096,
      0.02366814,
      -0.00708574,
      -0.03759222,
      -0.03308039,
      -0.03848904,
      -0.03904759,
      -0.04270525,
      -0.03905165,
      -0.04117241,
      -0.03667342,
      -0.0340168,
      -0.01771883,
      -0.0155022,
      -0.02706568,
      -0.02606971,
      -0.03628672,
      -0.02746111,
      -0.03541384,
      -0.02116003,
      -0.02449472,
      -0.02584306,
      -0.03602094,
      -0.03651119,
      -0.03804506,
      -0.03969542
    ]
  }
}